Title,Link,Date,Source,Summary
AI at scale is the next growth engine: TCS CEO & MD K Krithivasan - Business Today,https://news.google.com/rss/articles/CBMizwFBVV95cUxNRnVQUEk3TkZzYmp3QzQtSl9NZTBGQXE1V2JWclJDWS1veWtWVkVPMjVyQzdoa1ZxaDNSRUl6Sm1qMWtyMmswTWRwLUFXVUFXckl6bWJfOHh3alVmaDVELWlkUjVoOEF5eXpfSnpaWU4tRUFkR1VMT0VNVS1OUkI0ZWRCbnpHZWpJT3VzYVBnTTNiNW5YTF9tbEd2U3NfR0JpQW5TY3dabXpzc0NXMzAxQ1FOUEhQR1I3SHdjRXBlQWFvQ3RYZVBDMVJmZGFrSzjSAdQBQVVfeXFMTWE0dXZ0a1BTanBKQ2hrMFhXYXpNRzRzX01qN2hvWmdwQUU1WENzNFRFZDBZWW04YW84TF9rTG5ydTNWQUVYLXhNUm1sVDQwVnpINUhndW9FTU54cUlfNVN3cDFLck53elloYmI4RW5qa0dMY1hiblRtbVR0WUQxWThoVFdIS3pYUmJWOFNyd1VHLUw5cFhCSVhUSHI5WVlKN0NMZDlkWUNreF9KRGFHOHJXN2diQ2R5dzczZEQxTXlwZmlsc2lrbkhrU2FVRzl3NlBLV0g?oc=5,2025-09-09T17:40:45,Google News,AI at scale is the next growth engine: TCS CEO & MD K Krithivasan  Business Today
Tata Consultancy Services shares rise marginally in early trade - Moneycontrol,https://news.google.com/rss/articles/CBMi2wFBVV95cUxNZUV0MVNkM3ZXRFhVdFJRYS0ycGJPQzU2eFNOeGZKQ2JFencwQVI5VG52T3EyMkxpeUpGMlNHai1XcU5fakVUWjJFbWhObFBUZEIxSEtBV3k0VEVISGd3d0Jkb0YwcnppMkFuS0VHUG1NYlYwZnotQ0xHMEtFUHdpd294cDJCMGM2RjBLaEJhUmg4SGhpRU5SdndtT1FlWDJmY2FrU0J5dF82WlRraXhhNVFmY0RNYUNiei12QWt4UTcyQ1VZU3drY1owUVFmZUp6ZnZsaGtEMjcyelnSAeABQVVfeXFMT0VLWXVBWTk2dDdxMW1XUHp6Nm1UNjl1SWxvbUtqbFBjTkxTWHFiS0I3alJ6aXpicHlKUFhJYTc1TWVRYlRGUzJCdW52MGY3eWZ0Q19hUkFMVEJHd09Pbm9LVUNvTWl6RGRYOFZaMUZaejZRQjFVM1lVYmhPbUNaOEFWQjVXUzlBclhtSU9ETkltQXQ2Z1VmTWZUY2J1LWxNa3FNYUhZZk1kOXl6eHZDSWhDdHp3WnczOF9rSEZmZnJXMkd2d085elVxWnJMdlNha0dDRGk3UmNCZTRuVmR0YXc?oc=5,2025-09-08T04:15:05,Google News,Tata Consultancy Services shares rise marginally in early trade  Moneycontrol
Tata Consultancy Services Ltd down for fifth straight session - Business Standard,https://news.google.com/rss/articles/CBMi2wFBVV95cUxPdHE3SmdoMTc0TGZvRkRYb0hsRFNlYmgyTVRxd0hDdGtidTZQek5DeF83LXVzVkZlbk43WTVld2xaSk5ndmhPc01TbE91YU5pbTdDeG92OU1lN2pBd01rZXFuWHQ0QVJNT25FV081eXVNYWdMUDd5Q2lXLWRWdlRNMm04d296VFg4Z1VzR3hGQjBCeEtsb3JzTE1WbzNrTjQ0QlRkdTdSV0gta0VvbHhTTVl1bmlHR0x5eVNiVDFCU1otdzV2MW5OdkZiVk5FdGZRT0U4QU85VzZnN0XSAeABQVVfeXFMTzc3UlZqdllKbTdHWHk0UDlPTVppcDZrN1N2RlZXUkdhZjBXZHFsYVFNYmZJS20zT25fQnNfdFJoV0NrQVpFd2cwb0dKa2pGeWlJdW5mTjlwdVg2TU9hdThhOTZQWTAycVhHSkhiaWMzZVREdDBVLV9DR0E1dGsyWXE1a1pxbVFzUURZODhnN0lxLV9LVDZSLWZpY1ZOakFvQjhRRkpQSVl2X3FkV0JiOTNqUFMycV9pVE5UZVZTeXlqaktpU3RvQXRkWHZqcW5QeXY1aXV4ZE1DQUMtRGEzX3c?oc=5,2025-09-08T08:05:00,Google News,Tata Consultancy Services Ltd down for fifth straight session  Business Standard
TCS faces employee protest over layoffs and new deployment rules in Bengaluru - HR Katha,https://news.google.com/rss/articles/CBMiqwFBVV95cUxOeXhqZ3gycWJ5cVVvMGpMc213bWd1SFBEQzA2dGlFdlRMNW5BenhUZU50eDZFT1F0dXh6eFRFX1NLUDMxT3VVdndsQjJwUEc5Um1nTTFwajFFQXplcTNyakRCeVV5TjcwOHlDejZCY1RSOGxsV1lHVjdldFkyX2NqbmRuTEFpQUhYQkNjWjI0bnlVbEtvN2EzcFpYN0NIVDZ3ZmR1cER6aTJOamM?oc=5,2025-09-08T11:58:40,Google News,TCS faces employee protest over layoffs and new deployment rules in Bengaluru  HR Katha
"TCS Selected by the Government of Odisha to Build Next-Gen, AI-enabled Integrated Financial Management System - Tata Consultancy Services",https://news.google.com/rss/articles/CBMi9AFBVV95cUxOR05FUDB6YXF6UU5BSFktTFdOcVlzdTMxbVA0TnNzSDB1MjltX3ludGxMNFhZcWtwcEptTjlLTFVSMHF6Y3UyRVhVUFpybk1NbG5kbmQweWZUaFMzQjNGSnhJd3NERW1ZVGZnWHM3Q3o2R3hrU1BPOHQ5RjdpYXdCeGp0cklBcUV2OUtLN2VZLWNFSlZUQXRsalZsd2VIRnRPUGZSSTg1YmJpX01peFJIZW1jVHRFOTk4ZnllbXdibExKT1kxbEZkSk5iQWhBclRYanBfc0d0WlBZbV9JeDdOVkFyWjJRM0dDOVM1bDctN0pwSVNL?oc=5,2025-09-05T06:27:38,Google News,"TCS Selected by the Government of Odisha to Build Next-Gen, AI-enabled Integrated Financial Management System  Tata Consultancy Services"
"‘TCS employee forced into early retirement after 30 years,’ claims Reddit user; IT firm responds - financialexpress.com",https://news.google.com/rss/articles/CBMi8AFBVV95cUxOVzlCNjR1YmY2MlVXMTNHWHdja1p5ZEtsTTZxckZpaU1CNHlyNXJlaW44YlhpcHJYaXFmZHhnNWFvWWNGeFRBeFFXQ3dQU2JkR2czcG1WWmpVRktBZllGQUpnM1hGTm93dkw4RFV1UTlkNi01WDJQYWgydlpHSVM5bjRtMXZtRWJmbnBoQmlnUlNyeGZBMmg3YVJFdDN0dWdJRll5MHJ6cXlaLS1oOHVSNjEyd2J1TG9GclRLNnM2SnItR1JIcGxKQ0ZhRnpWbmd5V3BuQkdNcmk4Z1ExaVUyOUJYTUJqZmpDamgyVmhPSFo?oc=5,2025-09-08T10:33:47,Google News,"‘TCS employee forced into early retirement after 30 years,’ claims Reddit user; IT firm responds  financialexpress.com"
At the crossroads: on TCS layoffs - The Hindu,https://news.google.com/rss/articles/CBMiowFBVV95cUxQbkQ5ZWVFempNX2NvS3lJN0lhMWIxYWlWQXh5LV9WUVAzMTg3dzVCN0dqRDA2R0l4ODlSbHhWOUZxaU1rSE8wTXptTVVBSF9VclBEUGpJaDVHNTBVeHM5M1NrdXZCVXBlNlFFVUlsNWpSNUtxVzhxYU5fSFFKbXlEcGNidkU0Z1lBRmUyc1EtaFpxVWJCYm1lX0RYdWl1TDNNRF930gGqAUFVX3lxTFA0Nm1ldm02RTh3eWloV3U5VUh1X2xLUVFsbUtKVEozNGVfNmRyRExzTlZIX0dNUXJpUFFkM0JKSE5sa0JJaUhoemZqRVd1SXAyN1dWOHNMZUpvMzk2T2hRSi1PUkQ4Mmg2UVowWHNfRlYxSl9lVDlRLVhsQUF6c0NBZ25TNVU4MmQ4V0g5OHpIaTRIanhvTnJFU3AxNFY2a1VZbHZnWjlXWVlB?oc=5,2025-08-15T07:00:00,Google News,At the crossroads: on TCS layoffs  The Hindu
TCS Strengthens Strategic Collaboration With the Sport Integrity Global Alliance (SIGA) - CSRwire,https://news.google.com/rss/articles/CBMivwFBVV95cUxNenhxN3AwUERwT1MwMnFEVjdoUld1QUxnbkVob0RuSWJiYVk0TEZvT1BqelpObVBQQ01aVEF5anB2WEtLQjA4OHhEcy01bjAzWXpQU0VJUTQ2YXJ2dXl1OW42M2VZNVZkRWU2amQxSGhHOFJNVHBDZ0hqaThmQXFYbXFqNHR0dVE1cWUzNERLWlpVVG14TlFkb0IwZjZDWVFsVWMzTVFFSnBDd2I5TnV2ZVIzb2twTm0wTmxIYmRPOA?oc=5,2025-09-09T15:02:19,Google News,TCS Strengthens Strategic Collaboration With the Sport Integrity Global Alliance (SIGA)  CSRwire
The great AI shake-up: TCS layoffs hint of much worse to come for the IT sector | Mint - Mint,https://news.google.com/rss/articles/CBMikwJBVV95cUxNa0dBTGVDVWFTeVhXMjdVNUlYaE9weVlwd2xSUGktVWhheHZzcXFMUVhNTnBHckMtVTZUSGQ4THF2SndaMGxiaDFtQXR4bUpKcGdKUW1oTHg1eDlEUmp6R01acU9YT1Bzdjdtc0pqWDc4QzgydEZaSGVXNURra280U2MyUHdQaHZ2dG9MWU5CZUp4RDhNdmR0MURBUTM3Nll2ZHRpbnZWZDhGTzVSNnNQTXYxd0ZSancxeFBtQW1wU2pSeTFHcVlXODY2d2lhc1oyWDJuc24wRG5Ldk1mVEtVS3dCYWZ6OC1sejdkOFctSk8yUFVPcFNiNG9mSVpyMlJwMnNULTNOSk43aDQ5UlphY2hWc9IBmAJBVV95cUxPOUl5NGxsQ3BsWUxRazlwY2J6UHlsbG1mVkZBQ1hTdy1KRnlZdl82VnFqTmVvZTJ2SlBia3hmQjJqQ1FteGR0S1FqQXlaZ3hfZFFVOXB1V0ViN0J1VFZSZmx2SEtaV3NVVlN1OGJmUW1OZUJYSW1fT0xJU01SeDdjRi1hYUp6RVE2N0lzQ1dqckVfdllKa2RKZ3Ewc3hWbDZrYmQ1QlFjSkd3SEZxa2JuX1RkRUNIMENfQVd1TFJZSHhBVVNiUnZuTnZMU3VfUF9iSkdMQkYtVnlNXy1UM0s0TXowU0tNb1JIZ1Z2MlcxRGJkOTAxQ3dHT0l3clptLXJJU18tMVV6SFRLMVFMVVc4OHFJX09mZTdC?oc=5,2025-08-18T07:00:00,Google News,The great AI shake-up: TCS layoffs hint of much worse to come for the IT sector | Mint  Mint
"Tata Consultancy Services actual layoffs said to exceed 12,000 - Deccan Herald",https://news.google.com/rss/articles/CBMimAFBVV95cUxOczJqRk5iS0lsNjJ2elFhcExrWE0xUWF1VU9QSkYyb2pYQzZkMmM1MjZKaklSNmQwcVhpdmg3NFNEbFNIbHdqX25jdjd1Q28ta0xKeUdJbllSTUp0Yzh2NWlPYXlRb0hWcTZWdXRmTWZuak1XQUVwUEFjRTN2MVRxcS1YMUdRX2tSOWQwQjBWVnBuWER2TXZtTg?oc=5,2025-08-08T07:00:00,Google News,"Tata Consultancy Services actual layoffs said to exceed 12,000  Deccan Herald"
"TCS lays off over 10,000, says AI is one reason - theregister.com",https://news.google.com/rss/articles/CBMicEFVX3lxTE1qRzhqNjd0VG1wVGkySWdwVmh1T0lLUnY5MklkdzZhNkVvNkVncmdOaHEyQ25SSVpvSjFzVE5sNDB3a0VqclNSbU1BVHFCUkpCT2NWdlFNMUhsc09zRnc3V045eF85aEZCOWtSa2loamw?oc=5,2025-08-11T07:00:00,Google News,"TCS lays off over 10,000, says AI is one reason  theregister.com"
Insufficient Growth At Tata Consultancy Services Limited (NSE:TCS) Hampers Share Price - simplywall.st,https://news.google.com/rss/articles/CBMi4AFBVV95cUxPck5tZ3l0d2xZMGhLcWo5LXBxeVNRajhGS0syTHFrRk91d09SQ0JqalYtMzdNYnBVQ0ZsMmpJY2xRdFc3aFRFeERjMUJjVlhnbTFWNzk3UkszTTBGWEQzai1vUmVTM3hlYlFJd0s1WEVodGZlclZsTFFrUmZlcGxlY1dpdkFzbFp5YWRTYjNmc1ZqbW5YWVUyYldsRE0ydzgyNVRnQU9EbG5jRkhwVS15bk5mRlFiLWNUMjhieXU5S2xMZVpIV1ptd0dudm0zY3F4Wm5wWGNiZko4c0lJVnMweNIB5gFBVV95cUxOLWNNRFRpVk5ocjZ3ZEhQQVkycWdBdE9tcmd3SVlBbWt3QXFhZ3ZRUmVqV0M1WU13SGgyM0VOX2JmV2d2OTI4VlBHazZXOGZHUXhzcHdnY3YwMFlhMWlxanhsNG5DeHFfYTh4b2xMWXNQT3pYMktjSE5SWkR6RF92eF9Fc0I1YUFBZndhWEs0WDNMelhKSzFfQXU3QmJSLUJPemszR0FSUGlzRXNQdDZnWVpqTnhBX1Z5ZUJrVVZUdG9uRTJqU09DaDdnbG9ncDFiY2NvaThEM3BGVEpvYUFNWEpwS25ldw?oc=5,2025-09-07T02:12:19,Google News,Insufficient Growth At Tata Consultancy Services Limited (NSE:TCS) Hampers Share Price  simplywall.st
TCS layoffs: IT employees union holds protests; company issues statement calling it ... - Times of India,https://news.google.com/rss/articles/CBMi-AFBVV95cUxORkNvNkJpemJEb0llMUY4azJ5S0pWWThPaUw0d3ZXN0hxcWJZOVpVY2d6NmhVclktOHhKZDBVS3JsS2kzcHZfT0FMRTdBWEJ2THRBYjZHSndnRFVzM3Iyd1NscGllVEJQcGxKN2FodDFEcVlPUy1JRE5abGpvZWZFWUd6WHpRQjd0bHNESFFaUVVPVjJmT2xJTkR3di1abEZSeHFQVURLdm9DcE5icWdoSjR5T1dHZFFIbF9CQlVuWFA0azBsSFdsaU9OYU5jYXNWc1JpTFdmSjcxUGU0M3ZYUV9fOVVGLUh6M3RGRDJUeXBXWTJCTFJFVtIB_gFBVV95cUxPVVpSbEczVkVYemRsR2VRSkFaUjhsT09jYjJoYm84MU53elpOOUZVWlJYQ2VpYXlub25obTctbDRWQkg0NmlTaGs1dVNuZGpYaDQ4eWFjRXc3akRWYk1MajFtQmJDbTd0SERPSXBud2lubFZabTEtZnlsdE43MTVvMlJvbUl3bHdqT1VGLWcxTHh1SW9mX21ZbGFkZVFMOXFyeXV2eE10bkY0YnNCS25VTXE1dDZhM3ZCYnJFdkdwUERpTWtjX0FiakZqRDRGQmQ0WVoyUzBDcXZrQ0F5OTAxZVJmdU9fRDZjeVYwNXpfNG9BSXh6d3oyTEt1RnQzZw?oc=5,2025-08-26T07:00:00,Google News,TCS layoffs: IT employees union holds protests; company issues statement calling it ...  Times of India
IIDEA protests mass layoffs and new deployment rules at TCS - People Matters India,https://news.google.com/rss/articles/CBMisgFBVV95cUxNNGRtakFvdE5oN1lIYzc3SDhCRVBpY09LdE12UXp4dUdLck1GX3l1T0FHWmpzQ29sTnhRVWpRekYtMGRKWW5FYWh2YkgxNGpzZ1E3U19lSmdfbXp6bTFDRzZ1dC1NN2owZnA1Q3pYYnZYVzdlZ2Y1VC1rM2tGZjE3cGdRekhqZUpBUk5rdFF6NWp0QUVLT3d0VExYRk1Pcjg1NUlGTWdyd2ZyenowcGFNcVRn?oc=5,2025-09-08T04:05:30,Google News,IIDEA protests mass layoffs and new deployment rules at TCS  People Matters India
Tata Consultancy Services shares rise 0.99% in morning trade - Moneycontrol,https://news.google.com/rss/articles/CBMi0wFBVV95cUxONVBKZk5adlFRd0N1NDhtM2Vmbms5OGY4MzkyVnpyZmhOcFZSYjN0QmdJLWlvcnMzWjlCeVNfT1M5UlNuUW1jeU1UUW5ybDFfSWFiZU16dFFzRFRqZ3JzM002Wng4cTVsMGxPcXZGdXYwMnJBOXBVcWtUWXUtWlVZU0pvc1oxaU9kRF9tNkpNdmYxLWt5TlBybWRPeVIwTldsMDZlaTZhWktERE9MdmhxNUxVeGxUNWhNZVRlX3lNb29pUHdJa3FEUDNHc1hWZXd0dWY00gHYAUFVX3lxTE91S3BfdEpyX0R2WUdOcTJkQlVxUnpuZDhYbVFrR2xVT0xsOHlJMjlBTTdPN2ctcmlPM1ZtbTEzLTNvc281NWVoaTE2RlBBMWN1aTlRRjI2QTdEQTFia2tmQ2lTLU5FVUc3ZUhyZi1aZ3BxLWJOX01SaTVIUUdmMlNtU1lXWWFudzllRVVkVE5LV1Y0aUpIejhydjFwQzRqbGh3a3BWUW8zWlNoSDQxNUxPSTBIYWQ1LTUwdFkwc0xzZXpDWkFOVjVVVmx4YlBGZ0NScDc2RFZVcg?oc=5,2025-09-09T06:20:18,Google News,Tata Consultancy Services shares rise 0.99% in morning trade  Moneycontrol
TCS enables ICICI Lombard to Deliver a Fully Automated Multi-Region Disaster Recovery on AWS Cloud - Tata Consultancy Services,https://news.google.com/rss/articles/CBMi5wFBVV95cUxOQmxHcEV1UHNoS0JYdkJvM2xlQ3hxNlA3Rmk5MFMzT293YTlqc2VENmxPSTlOMWExSGRLMU5jR18tZzEtTkxlN2ZMTktualVhcmxfZmtmc0dnM0xDVUtoM0dsclNiVTZTUjdKS0NabmRubV92UTV0aU9lS25JcWcxMzlKcElyUTNMLXhGSUZBSXlUNU5LRDBQNjU3T3gtbnZta2lzdnhlNWJKVFVxXzZzVVo4cHJXRjYxcWRldW1YM1AtYl83V2ltTEZGWVVmUUJKVjV3aWZlbXZObnZjU2tuUVFwVnl3NDg?oc=5,2025-08-25T07:00:00,Google News,TCS enables ICICI Lombard to Deliver a Fully Automated Multi-Region Disaster Recovery on AWS Cloud  Tata Consultancy Services
Tata Consultancy Services shares rise 0.68% in early trade - Moneycontrol,https://news.google.com/rss/articles/CBMi0AFBVV95cUxPQ2tzaGttSkJzY1E0WGJHLWs4RWZ6MzBuaGlZY256RXF3eWwzMjBNM2J6N2ItbnVVWEpXNmxkY29Gdy05Zzc0SDNhM0J2dlpfY2pCYmhRbmVwRlpZS3pMUTRnZjdYSFVqQTNmUVJDajdwOEo5ZHpiOTR1Y3ZjSGEtVkg5bEpxSzF0emgxNVF0eXpKSjgwYlRRWUthV1Azekp2a1ZRdmZKTXRDYm5wcUZOS2tVa19fQUE0clhxODAxQ0tQMEkyRk8yXzlHTTlyQVha0gHWAUFVX3lxTE01S0N5MTVieGJlcTFUX1hmZlVxcEtYMnl6bGY0NVpOM3oxMzE2SDR0SzBKQUdVV1gzVjdUSFdkbS1sZU1sUFFSZV9uMi1Eb0tlYml5Unloazh5TjEwSW02Q1o5VTV4V0pMVk1PbUNXQlVjUURqMVV1bldUVVBDbmNrS05VRDdNMzBkV0NEUFkweWR0djJBb2JNNUtpZjMxZTFWNmliOG5jYkhNTHk4QVd6REpTMGFGbk94SHFlVVl1N0EybWdWd1Bmb09FUENadFd2VjBGd2c?oc=5,2025-09-09T04:09:55,Google News,Tata Consultancy Services shares rise 0.68% in early trade  Moneycontrol
TCS APAC: Building Perpetually Adaptable and Sustainable Enterprises - Tata Consultancy Services,https://news.google.com/rss/articles/CBMiWEFVX3lxTE9jUXo2SEp5OEt6SVAwSHNIUHN0ZWlDVENFb3R5OXdkMnREdmxfMVdxOUNJa3ZhakZKX3ZkM01mZWZ0aG5MaFRTOFpFWVR3QzJOdlp4anFqWXo?oc=5,2025-03-19T15:09:30,Google News,TCS APAC: Building Perpetually Adaptable and Sustainable Enterprises  Tata Consultancy Services
Tata Consultancy Services shares rise 1% in morning trade - Moneycontrol,https://news.google.com/rss/articles/CBMizwFBVV95cUxPRkZka1pPcmE0VncwSTBsazZOZVkwUUFiamM5WTRhbEQ4eHJmRDl0NkNONzAyVFJYbi1VOTVUQ1owMmlEakhJSXdMLWhVMjJUcGpkbHRNSXNKUk9tUDdEUWRqT0tKMl9vNmNXWkFHZ2RqbVplZ2x3MkRIZy1MWVJsUnE1X3ZsVHNfNzlCU0VBZjBCOTZkMjBNYWg4WU15cmxIMWpvRFZvVWlXS0ZrZ1BSTkprSFQ4M3FpSUkxWk5Rd29JemMzZ1NkYUtfS1JBM3PSAdQBQVVfeXFMT21tMm15bjNWZjVnNU15RTJEMHBGN2w0cGVCd3ZGb2VTYUtjN3I4Y2hzZ09DLWJ1YlRDclMyQk9kQW4yRWxFRnc3Ty1YZF9JQnFuMmhZc0dDTW95MURCdjdXbzFZSERDd2U0OUVfa3Z6eHZGMkZHUmVfVVFfYVFNWVFtYkZVcGh6Q1htSGNwS3N5QTNfMTM3eVpNU0pqN29feEQ3bDItSnJUUVhPeVdGWS0wcUJUM19qbjB6ZmFZOHpIZzJNbTg0eUY4NFFXYm1obXRkRE0?oc=5,2025-09-09T05:18:30,Google News,Tata Consultancy Services shares rise 1% in morning trade  Moneycontrol
Tata Consultancy Services shares trade flat; over 4.3 lakh shares traded - Moneycontrol,https://news.google.com/rss/articles/CBMi4wFBVV95cUxQSUZHalVXRnlRTkNVdVZIYWpRWHVzN2lfQXhBX05NbWdLTmxwb0RXdVBXdUx4UVNhZ3BrR0kxZkI5NTJEcXRoTHZTMHRVMzlKSDRyeTExcmtkVDgyY0lTcHdXbkxzZHBTR3FfdTN2TERvanZIQTFGUlVQYkdXc0NkM2ZEN1lzZmtIQmp4TzRmaDJHN0NIeGI2QlVHOVhQNno0Sk1RanhNRURFUHNFUHJfTUxabFBGMkFCdC16SHRvellYT1p1UlZqNWdxZnduejdKQ2dYaUttdkFLb0ZtcHJSVGJMMNIB6AFBVV95cUxOOC1xTmF0TzQ4SVB5YU8yS1VUUmM1cUkxUjlaRTQ0ZDUzcU0wTTN3aWxKT3Rwd1NOLWJIWktvVnZVUVNrY3hSOUoycm9TMUZ1ZXVmS1FhY3NpRWdpbjFzdnNwQnVOM1pCVEptRy16Zk1WUTdVUnJWSlJRQUV0azhTYVFWTjJIQVByZ1NId3JuSUdjTzR0R3BvUTQ4ZHBjcWlpRnI1OE80Uk1VUjh4cm9qWWFNM00za2IxRUY0OFA4M0ZQRG1WQVVWWUUyOEEyYlF2RUdLd3ZSWXlHRnJIUDRHUnZ6Z2FqNEFP?oc=5,2025-09-04T06:07:07,Google News,Tata Consultancy Services shares trade flat; over 4.3 lakh shares traded  Moneycontrol
TCS and NVIDIA Collaborate to Design AI Native Solutions for the Telecom Sector - Tata Consultancy Services,https://news.google.com/rss/articles/CBMiwAFBVV95cUxNVk9PNFpwdUhOTFo3TThzTmRRM0NWa3dQNlRDajBJdlhnWnVTazlLeEJDVW0wLVFReDk0cFJIcElsQnVIV25oTHJuUGpJNlhHNmxQbVpIT2ZScFdpeDQxNnhpMmw2RnpmTlBDVnd5ekdIMVRhd0t1aTBCN3BOOHE2d2EydWo0a2dGSHlZenNNZmJwaFZQZlRXOWlZX3BOSjJiamx6YWZnLVl6aHNCc2lkT3VZUjZUYmc3SmRHSnZiVmE?oc=5,2025-06-12T07:00:00,Google News,TCS and NVIDIA Collaborate to Design AI Native Solutions for the Telecom Sector  Tata Consultancy Services
TCS’ Privacy Notice - Tata Consultancy Services,https://news.google.com/rss/articles/CBMigwFBVV95cUxQR2dzTFZtNTdObmc3bGJMVWpvaEdUVHdHbXhwR3VHdS1xMG1wR25hdnJwNVVCUDFvN3RjWFFpTVhDVllSemN3NWV2Rm9EZTgyYlZqMU1PcFhrVi15dlhfdFEwWm0tWkpwQlh4cjd0Q3AteVRkcFIzdWNReElQUnlYc1ZITQ?oc=5,2025-08-08T07:00:00,Google News,TCS’ Privacy Notice  Tata Consultancy Services
TCS Extends Partnership with Weatherford International to Enable AI Driven Business Transformation - Tata Consultancy Services,https://news.google.com/rss/articles/CBMi3AFBVV95cUxQSDZDSk05T0FIaGZZMUtMSjg1RzJuQnBFQVV1U1k4RXNWXzJFTVEwUjNmMVV3dlAza1J4LWxWc1Vwd09sSjF3QktXbUtkT2RRaTBEUFQ1QlRkVDl4dmJUOURaeE51ajBUd1dzbXZMdkZJeDZ3MV9la2FabWlPQlZrY1hDcnMxRmNIOWlFNjBzSHhPbTlSMDdkcGRDUGpiSUoyQ1laM0N4cVZfQXpmX3FyWURjTVFVSkdqNFo2MXdQTGxXcG1NNnVwNlJrNFBHWkd6VGhMVnA2aDE0d0lX?oc=5,2025-08-05T07:00:00,Google News,TCS Extends Partnership with Weatherford International to Enable AI Driven Business Transformation  Tata Consultancy Services
Government of Odisha Selects TCS to Build AI-Enabled Integrated Financial Management System 3.0 - Machine Maker,https://news.google.com/rss/articles/CBMiyAFBVV95cUxOYTRSUkg1bnowQUxFZ3phR256SW83Y1puX285cWc1OHpnMEVRMWlCYm9laFlhVVcwRXl3ek1TWHkxTTJjZlNOWVZrWXZ1bmluVmlpalZQdDA1Sk4yUmp2OGd6cnQtM0FrMkVJTG5mVTJxcVcxVW1wOUZ4M0kwc2dXWTdlOG1XTVUtM2Y5bDVoNzQ4NWxIOFpLNEE5Vk5uT08wVmdRcXRHNWlxaE5NX0N6U2ZzNE90UldVb3N0akhiYXcxSWpEMk5HUA?oc=5,2025-09-08T11:37:45,Google News,Government of Odisha Selects TCS to Build AI-Enabled Integrated Financial Management System 3.0  Machine Maker
"Jazeera Airways Partners with Tata Consultancy Services to Power AI-led Transformation, Reimagine Digital Customer Experience - Tata Consultancy Services",https://news.google.com/rss/articles/CBMiigJBVV95cUxQUlJ3YlBFUXBhZVRhaEpKVkI3TDZyZzRpR1dQM1BXYV9nZVlnYmxKc3E3MEcxVW0wX2lZUmViRzRHNk9QcWx4TzJXbzlFaTR3X2pCNFdvUFgwUGdFbFRTNmx3MTJxSnVRRTU4X1YxWjNrYVZWWlJiSzAtTy1kOERRcVZJLTRlcndKZF91N096YnJJWFVWTFA5YmVld3dld2RGY0Fia2VCU3hiUUFoMHZXYzRMZnhIcUJYUC1DeVV4MDFqN25Nb0NSZ1NWSEZKWUdjd1lwVHRpRXdnU3F1ZWNaNzNJMVdVOUxRVDA2T2IyaURIQi1YenJXWE9uYk9HUHNxWGR0VUJ0WW10Zw?oc=5,2025-05-05T06:57:54,Google News,"Jazeera Airways Partners with Tata Consultancy Services to Power AI-led Transformation, Reimagine Digital Customer Experience  Tata Consultancy Services"
"Tata Consultancy Services, India's Largest IT Services Provider, To Cut 12,000 Jobs - NDTV",https://news.google.com/rss/articles/CBMivAFBVV95cUxPR1NzSm9Va05Cd2JmSmw0ZUE4dDdWTUNYUEhUWHlTcnRQWm4xZlgtQ1FXS0hUV3NWX0lfeXhyS1N3eXR2aVU2dVV5dEUzNXBRaFo1ZEVibnJyMXVmLXpIbUY2a3RzMUV0NUl2SzliNjEwR053TjgtM1paT1ZjMmNUZ0xXc05zUTY3SHhDRk1WX0pVY3ZxWUdzcFFzanVKZGNPUmc5cGJVNkQtdm5MSTlyTzZOXzYxT2Fwb0NzYdIBxAFBVV95cUxNUTlJWDN3OGZ2dU40R1lXTVhXZ1dKQnYyR0w2b0hUR1RMai1XVm8zYW16WnFsOUJ3MVhDYThZRkdZSm80VVMtMXVybUZNaWlmeTlGMlpCRk5naEdlX2dQM3FhZ2hvSzJ6QXY5aTRHUHZSVVNQalRuWnBIemJ3MXJ2cmlfWU1SS095ci1ZY0RsVkVtZVJOa3Fkendfa3lYSnlnV2EwelRlQ1FWZ2I3X2F0SmpvMWRfMUFCYk92ZzVwSjJMSXNE?oc=5,2025-07-27T07:00:00,Google News,"Tata Consultancy Services, India's Largest IT Services Provider, To Cut 12,000 Jobs  NDTV"
"IBM, TCS and Government of Andhra Pradesh to Deploy India’s Largest Quantum Computer in the Country’s First Quantum Valley Tech Park - Tata Consultancy Services",https://news.google.com/rss/articles/CBMilwJBVV95cUxOWDFuVGlTUkNyaHBUQ0ZTbllENjU2LTh6S0lJNXF1NGI3SExhYW14YXJwT1pNOGdLVWgzUGotNTBuUkZQd0I3WWJWbkh3WjNQNWxZM2ZMRkp6SnZjdkxfUVJEVF9LTlJPODlxeUxSdTlMaENuSjhSQlVpQmJPMFowM2d1YWUxMWM2WWtPVGhodno5dHJ1UklpdFV5OG8yRE94dk5ETXRlbm41V3ZQUEZMdTRDaEp5WG9oMGRVV1hZNEtVMXZoRHdFTld0U2NmaXJWbWFzNVpLQ2FDekRVV21peV9mLUtFcFp3cWN0U1E4ZEY5Q2FJTWhwa0V2VHRWT3JqdlFiYVd2RGJPZDdPWl9tVGpzSjR1Tnc?oc=5,2025-05-02T08:05:16,Google News,"IBM, TCS and Government of Andhra Pradesh to Deploy India’s Largest Quantum Computer in the Country’s First Quantum Valley Tech Park  Tata Consultancy Services"
TCS Named Among the World’s Most Admired Companies by FORTUNE® for 2025 - Tata Consultancy Services,https://news.google.com/rss/articles/CBMizwFBVV95cUxNa3hGTDNTaTRLdVVNX1ZaOFRuSzh2YzM1eGgzQWhKZWc4RXYwUlhoX2VyTDFhMUhhNURGd3dHTHFmdjBXcWR6RlFWa1RCUmljX1JvdjRncXZwUTZnZXZLR1BGVVRQZnpoTVNXeXQtQi1Wd25wallpb1EwMWhmTDhXT2pCUlVqdXpBU1lYRzNiZG84UTBPVUd3SmFSNEUwang2TXZXbWt6T0JWTjFFSHZaRlRJaDBKRkduZXB1YTJxQ1pJUFVtQmVlZmMzcjdYdzA?oc=5,2025-02-18T06:10:02,Google News,TCS Named Among the World’s Most Admired Companies by FORTUNE® for 2025  Tata Consultancy Services
TCS Partners with Google Cloud to Accelerate AI-Driven Innovation in the Financial Services Industry - Tata Consultancy Services,https://news.google.com/rss/articles/CBMi2AFBVV95cUxNZWRWSDVJN20wTkdqa2xBaDFsbDNmZ2ZnSkt3a2tPb3hubS16eGthVi1aSUJTWVBaSHNVc1A1RGZFc0RTaXNUOUVxUFI1RFRScGlDX0ZDQkw2Q3k2OGFpank1OVRvVGhKRG1QS3hQY1UwNmYwd19RN2kybTlZSzBsY2JrejZQZjNhYW9Gb3ZSZnBaT0VuSEM2aC1yT01WNkxtd3ZkUG1aT0FmVjdHMHRkamRBZ25aazV0N3VaY05fdWFFNGFOWmxyT3FVV1pPVUJ0Tnp4bmRPWnA?oc=5,2025-08-22T07:00:00,Google News,TCS Partners with Google Cloud to Accelerate AI-Driven Innovation in the Financial Services Industry  Tata Consultancy Services
Tata Consultancy Services shares trade marginally higher in morning session - Moneycontrol,https://news.google.com/rss/articles/CBMi6AFBVV95cUxPTkZUaHl5aGVpUVdmS3kzanJlcE1nOGdicDNOZkI5Um5nSktHVElfb196cXh6dWlZRm5XZy0yUXZNYk12Q252aUZQWEV3LUFSczJjU1l6dHNlSjJlQUJ5Y0s0VkR1cFRlY1JYNXVmck9HcW41N0U1YVFuV2lwMFNIQ0hVSDZEX044emVxcG51ZVRVblZQMTU1ejU1T3pVUXl1VHdyZmFYVkpoWjdsSFlDOWU5cEY0a2xkY2NydDhVUXp1X244Rm1CbHdJRkI1cVpQYlBJNG5WcWk5RG1KZzVhaXdGaDR5a2pl0gHuAUFVX3lxTFB4M2h4V1RBSlQzaFNtaHpPMnpMZF9WZWZ4TEZFbXBfUHlpX2NFNndFaktrSkF3OFB4NWhiak9KU2JZbDVPcTZHeExINWtxNkxkV0dKUHNqVVVmLXNCOUFJcWJlQ3NkV05SakVxbUIzS1ZCQmpnRllRSmdfUjBzNkhzNUtfU2VUMFVhU25qZGZZRHlYS1dZRzg2QzJZUThpSGV6RUR4UnRmQzIxTUs5TmpLWVlsajE0bEUxcXl5R1NWZXc2RUNzMW81SllfcWw0aUNfU2xTcm4wb3J2bUkwNlgtYzlvQ1JpOHA0WVFZaVE?oc=5,2025-08-14T07:00:00,Google News,Tata Consultancy Services shares trade marginally higher in morning session  Moneycontrol
